Date,Type,Title,URL,Keywords,Status
2026-03-17,Guide Hub,How to Measure for Blinds Curtains & Shutters,https://cpccai97-source.github.io/iseekblinds/guides/measure/,"how to measure for blinds, measure windows Melbourne, blind measurement guide, inside vs outside mount blinds",Published
2026-03-17,Guide Hub,How to Install Blinds Curtains & Shutters,https://cpccai97-source.github.io/iseekblinds/guides/install/,"how to install blinds, DIY blind installation, install plantation shutters Melbourne, blind fitting guide Australia",Published
2026-03-17,Blog,Best Waterproof Blinds for Kitchens Australia (2026),https://cpccai97-source.github.io/iseekblinds/blog/best-blinds-for-kitchens-waterproof.html,"kitchen blinds waterproof, best blinds for kitchen, moisture resistant blinds, PVC venetian blinds kitchen, waterproof blinds Melbourne",Published
2026-03-17,Blog,Blinds Colour Trends Melbourne 2026 — The 7 Palettes Defining Australian Windows,https://cpccai97-source.github.io/iseekblinds/blog/blinds-colour-trends-melbourne-2026.html,"blinds colour trends melbourne, what colour blinds are trending 2026, popular blind colours australia, venetian blind colours 2026, trending roller blind colours",Published
2026-03-17,Blog,Best Blinds for Bathrooms & Wet Areas Australia (2026),https://cpccai97-source.github.io/iseekblinds/blog/best-blinds-for-bathrooms-wet-areas.html,"bathroom blinds moisture resistant, best blinds for bathroom, waterproof blinds wet areas, PVC venetian blinds bathroom, mould proof blinds Melbourne, bathroom blind ideas Australia",Published
2026-03-18,Guide (Install),How to Install Roman Blinds,/guides/install/roman-blinds.html,"roman blind installation, headrail mounting, roman blind brackets, install roman blinds DIY, roman blind cord safety, stack height roman blinds",Published
2026-03-18,Guide (Measure),How to Measure for Zebra Blinds,/guides/measure/zebra-blinds.html,"how to measure zebra blinds, measure day night blinds Australia, zebra blind sizing guide, inside mount zebra blinds, outside mount zebra blinds Melbourne, dual roller blind measurement",Published
2026-03-18,Blog,Best Nursery Blinds: Child-Safe Options for Australian Parents (2026),https://cpccai97-source.github.io/iseekblinds/blog/nursery-blinds-child-safe-guide.html,"nursery blinds child safe, best blinds for nursery, baby room blinds melbourne, child safe blinds australia, cordless blinds nursery, blockout blinds baby room, motorised nursery blinds, AS/NZS 13120",Published
2026-03-18,Blog,Best Blinds for Melbourne Weather: A Season-by-Season Guide,https://cpccai97-source.github.io/iseekblinds/blog/best-blinds-melbourne-weather.html,"blinds for Melbourne weather, best blinds Melbourne climate, energy efficient blinds Melbourne, window blinds four seasons, Melbourne window treatments, insulating blinds Melbourne winter, heat blocking blinds Melbourne summer",Published
2026-03-18,Guide (Install),How to Install Outdoor Blinds — Ziptrak Café & Straight-Drop Guide,https://cpccai97-source.github.io/iseekblinds/guides/install/outdoor-blinds.html,"how to install outdoor blinds, outdoor blind installation guide, Ziptrak installation, cafe blind installation Melbourne, patio blind fitting, alfresco blind DIY, outdoor blind brackets, channel guided blind fitting, straight drop blind install, bistro blind installation",Published
2026-03-18,Guide (Measure),How to Measure for Vertical Blinds — Sliding Doors & Large Windows,https://cpccai97-source.github.io/iseekblinds/guides/measure/vertical-blinds.html,"how to measure vertical blinds, measure vertical blinds Australia, vertical blind measurement guide, vertical blinds sliding door measurement, inside mount vertical blinds, outside mount vertical blinds, vertical blind slat width, vertical blind stacking clearance, measure vertical blinds mm",Published
2026-03-18,Install Guide,How to Install Bifold Door Blinds,https://cpccai97-source.github.io/iseekblinds/guides/install/bifold-door-blinds.html,"how to install bifold door blinds, bifold door blind installation, vertical blinds bifold installation, panel glide track bifold doors, perfect fit blinds bifold, install blinds bifolding doors, DIY bifold door blinds Melbourne",Published
2026-03-18,Guide (Selection),Best Blinds for Every Room — Room-by-Room Selection Guide,https://cpccai97-source.github.io/iseekblinds/guides/room-by-room-guide.html,"best blinds for each room, bedroom blinds Melbourne, kitchen blinds, bathroom blinds, living room blinds, home office blinds, nursery blinds child safe, plantation shutters living room, blockout roller blinds bedroom, waterproof bathroom blinds, room by room window treatments",Published
